-- Database Creation
CREATE DATABASE IMDB
-- Movie Table Creation
CREATE TABLE `movietable` (`ID` PRIMARY KEY, 
`MOVIE NAME` VARCHAR(255),
 `DIRECTOR NAME`VARCHAR(255),
  `RELEASE DATE`DATE(255), 
  `PRODUCTION COMPANY`VARCHAR(255)
  )
--   Insert Data into Movie Table
INSERT INTO `movietable` (`ID`, `MOVIE NAME`, `DIRECTOR NAME`, `RELEASE DATE`, `PRODUCTION COMPANY`) VALUES ('1', 'PONNIYIN SELVAN 1', 'MANIRATHNAM', '2022-09-30', 'LYCA PRODUCTIONS');
INSERT INTO `movietable` (`ID`, `MOVIE NAME`, `DIRECTOR NAME`, `RELEASE DATE`, `PRODUCTION COMPANY`) VALUES ('2', 'VARANAM AYIRAM', 'GAUTAM VASUDEV MENON', '2008-11-14', 'AASCAR FLIMS');
INSERT INTO `movietable` (`ID`, `MOVIE NAME`, `DIRECTOR NAME`, `RELEASE DATE`, `PRODUCTION COMPANY`) VALUES ('3', 'ENTHIRAN', 'SHANKAR', '2010-10-01', 'LYCA PRODUCTIONS');
INSERT INTO `movietable` (`ID`, `MOVIE NAME`, `DIRECTOR NAME`, `RELEASE DATE`, `PRODUCTION COMPANY`) VALUES ('4', 'AAZHAGIYA TAMIZHMAGAN', 'BHARATHAN', '2007-11-08', 'SWARAGACHITRA APPACHAN');
INSERT INTO `movietable` (`ID`, `MOVIE NAME`, `DIRECTOR NAME`, `RELEASE DATE`, `PRODUCTION COMPANY`) VALUES ('5', 'ELLAM ARIVU', 'AR MURGADOSS', '2011-10-25', 'RED GIANT MOVIES');
INSERT INTO `movietable` (`ID`, `MOVIE NAME`, `DIRECTOR NAME`, `RELEASE DATE`, `PRODUCTION COMPANY`) VALUES ('6', 'BIGIL', 'ATLEE', '2019-10-25', 'AGS ENTERTAINMENT');
INSERT INTO `movietable` (`ID`, `MOVIE NAME`, `DIRECTOR NAME`, `RELEASE DATE`, `PRODUCTION COMPANY`) VALUES ('7', 'MERSAL', 'ATLEE', '2017-10-18', 'THENANDAL STUDIOS LIMITED');
-- Genre Table Creation
CREATE TABLE `GENRETABLE`(ID SERIAL PRIMARY KEY,
 MOVIEID INTEGER REFERENCES movietable(ID),
  GENRE VARCHAR(255) );
--  Insert Data into Genre Table
INSERT INTO `genretable`(`ID`,`MOVIEID`,`GENRE`) VALUES('1','1','FANTASY');
INSERT INTO `genretable`(`ID`,`MOVIEID`,`GENRE`) VALUES('11','3','ACTION');
INSERT INTO `genretable`(`ID`,`MOVIEID`,`GENRE`) VALUES('2','7','ACTION');
INSERT INTO `genretable`(`ID`,`MOVIEID`,`GENRE`) VALUES('3','3','SCIENCE FICTION');
INSERT INTO `genretable`(`ID`,`MOVIEID`,`GENRE`) VALUES('4','5','SCIENCE FICTION');
INSERT INTO `genretable`(`ID`,`MOVIEID`,`GENRE`) VALUES('5','1','HISTORY');
INSERT INTO `genretable`(`ID`,`MOVIEID`,`GENRE`) VALUES('6','2','ROMANCE');
INSERT INTO `genretable`(`ID`,`MOVIEID`,`GENRE`) VALUES('7','4','ACTION');
INSERT INTO `genretable`(`ID`,`MOVIEID`,`GENRE`) VALUES('8','4','COMEDY');
INSERT INTO `genretable`(`ID`,`MOVIEID`,`GENRE`) VALUES('9','6','SPORTS');
INSERT INTO `genretable`(`ID`,`MOVIEID`,`GENRE`) VALUES('10','7','ROMANCE');
-- Media Table Creation
CREATE TABLE `MEDIATABLE`( ID SERIAL PRIMARY KEY, MOVIEID INTEGER REFERENCES movietable(ID), TYPE VARCHAR(255),URL VARCHAR(255));
--  Insert Data into Media Table
INSERT INTO `MEDIATABLE`(ID,MOVIEID,TYPE,URL) VALUES('1','1','IMAGE','https://upload.wikimedia.org/wikipedia/en/c/c3/Pon...');
INSERT INTO `MEDIATABLE`(ID,MOVIEID,TYPE,URL) VALUES('2','2','IMAGE','https://m.media-amazon.com/images/M/MV5BZTViZTUxNzQtNzMxMi00NWY2LTkxZDctNGE5NzcxN2M5M2M2XkEyXkFqcGdeQXVyMTEzNzg0Mjkx._V1_.jpg');
INSERT INTO `MEDIATABLE`(ID,MOVIEID,TYPE,URL) VALUES('3','3','IMAGE','https://assets-in.bmscdn.com/iedb/movies/images/mobile/thumbnail/xlarge/enthiran-et00005121-31-08-2017-11-01-47.jpg');
INSERT INTO `MEDIATABLE`(ID,MOVIEID,TYPE,URL) VALUES('4','4','IMAGE','https://upload.wikimedia.org/wikipedia/en/7/78/Azhagiya_Tamizh_Magan_poster.jpg');
INSERT INTO `MEDIATABLE`(ID,MOVIEID,TYPE,URL) VALUES('5','5','IMAGE','https://upload.wikimedia.org/wikipedia/en/1/17/7aum_Arivu.jpg');
INSERT INTO `MEDIATABLE`(ID,MOVIEID,TYPE,URL) VALUES('6','6','IMAGE','https://m.media-amazon.com/images/M/MV5BNDZkZmI4MzQtMDg5My00M2Q0LWI2ZjAtODFkNDUzNGU2NDI3XkEyXkFqcGdeQXVyMTA4NjE0NjEy._V1_.jpg');
INSERT INTO `MEDIATABLE`(ID,MOVIEID,TYPE,URL) VALUES('7','7','IMAGE','https://static.toiimg.com/photo/65177601.cms');
-- User Table Creation
CREATE TABLE `USERTABLE`(ID SERIAL PRIMARY KEY,USER VARCHAR(255));
--  Insert Data into User Table
INSERT INTO `usertable`(ID,USER) VALUES('1','JOHN');
INSERT INTO `usertable`(ID,USER) VALUES('2','HARRY');
INSERT INTO `usertable`(ID,USER) VALUES('3','PARK JIMIN');
INSERT INTO `usertable`(ID,USER) VALUES('4','HOBI');
-- Review Table Creation
CREATE TABLE `REVIEWTABLE`(ID SERIAL PRIMARY KEY,USERID INTEGER(255) REFERENCES usertable(ID), MOVIEID INTEGER(255) REFERENCES movietable(ID),RATING INTEGER(255), REVIEW VARCHAR(255));
--  Insert Data into Review Table
INSERT INTO `reviewtable`(ID,USERID,MOVIEID,RATING,REVIEW) VALUES('1','2','1','4','PS1 IS NOVEL BASED MOVIE WITH GREAT SCREENPLAY');
INSERT INTO `reviewtable`(ID,USERID,MOVIEID,RATING,REVIEW) VALUES('2','2','1','5','VISUAL TREAT');
INSERT INTO `reviewtable`(ID,USERID,MOVIEID,RATING,REVIEW) VALUES('3','4','5','4','GOOD SCI-FI MOVIE WITH SUPER ACTING');
INSERT INTO `reviewtable`(ID,USERID,MOVIEID,RATING,REVIEW) VALUES('4','3','2','4','FEEL GOOD MOVIE');
INSERT INTO `reviewtable`(ID,USERID,MOVIEID,RATING,REVIEW) VALUES('5','2','3','4','BLOCKBUSTER MOVIE');
INSERT INTO `reviewtable`(ID,USERID,MOVIEID,RATING,REVIEW) VALUES('6','4','4','3','BINGE WATCHING');
INSERT INTO `reviewtable`(ID,USERID,MOVIEID,RATING,REVIEW) VALUES('7','4','1','4','MOVIE WHERE WE CAN GET KNOW TO ABOUT KALKI PONNYIN SELVAN NOVEL VISUALLY');
INSERT INTO `reviewtable`(ID,USERID,MOVIEID,RATING,REVIEW) VALUES('8','3','3','4','SHANKAR SUPERMACY');
INSERT INTO `reviewtable`(ID,USERID,MOVIEID,RATING,REVIEW) VALUES('9','1','6','4','VERITHANAM VERITHANAM');
INSERT INTO `reviewtable`(ID,USERID,MOVIEID,RATING,REVIEW) VALUES('10','1','2','4','WONDERFUL ROMANCE MOVIE WITH GVM TOUCH');
INSERT INTO `reviewtable`(ID,USERID,MOVIEID,RATING,REVIEW) VALUES('11','4','7','4','AALAPOORAN TAMIZHAN ...');
-- Artist Table Creation
CREATE TABLE `ARTISTTABLE`(ID SERIAL PRIMARY KEY,NAME VARCHAR(255),SKILLS VARCHAR(255));
--  Insert Data into Artist Table
INSERT INTO `artisttable`(ID,NAME) VALUES('1','SURYA');
INSERT INTO `artisttable`(ID,NAME) VALUES('2','VIJAY');
INSERT INTO `artisttable`(ID,NAME) VALUES('3','RAJINI');
INSERT INTO `artisttable`(ID,NAME) VALUES('4','AISHWARIYA RAI');
--Skills Table Creation
CREATE TABLE `SKILLSTABLE`(ID SERIAL PRIMARY KEY,ARTISTID INTEGER(255) REFERENCES artisttable(ID),
                           SKILLS VARCHAR(255))
--  Insert Data into Skills Table
INSERT INTO `skillstable`(ID,ARTISTID,SKILLS) VALUES('1','1','ACTING');
INSERT INTO `skillstable`(ID,ARTISTID,SKILLS) VALUES('2','1','DANCING');
INSERT INTO `skillstable`(ID,ARTISTID,SKILLS) VALUES('3','1','STUNT');
INSERT INTO `skillstable`(ID,ARTISTID,SKILLS) VALUES('4','3','ACTING');
INSERT INTO `skillstable`(ID,ARTISTID,SKILLS) VALUES('5','3','DANCING');
INSERT INTO `skillstable`(ID,ARTISTID,SKILLS) VALUES('6','3','STUNT');
INSERT INTO `skillstable`(ID,ARTISTID,SKILLS) VALUES('7','2','ACTING');
INSERT INTO `skillstable`(ID,ARTISTID,SKILLS) VALUES('8','2','DANCING');
INSERT INTO `skillstable`(ID,ARTISTID,SKILLS) VALUES('9','2','STUNT');
INSERT INTO `skillstable`(ID,ARTISTID,SKILLS) VALUES('10','2','SINGING');
INSERT INTO `skillstable`(ID,ARTISTID,SKILLS) VALUES('11','4','ACTING');
INSERT INTO `skillstable`(ID,ARTISTID,SKILLS) VALUES('12','4','DANCING');
--Roles Table Creation
CREATE TABLE `ROLESTABLE`(ID SERIAL PRIMARY KEY,ARTISTID INTEGER(255) REFERENCES artisttable(ID), MOVIEID INTEGER(255) REFERENCES movietable(ID),ROLES VARCHAR(255));
--  Insert Data into Roles Table
INSERT INTO `rolestable`(ID,ARTISTID,MOVIEID,ROLES) VALUES('1','1','2','KRISHNA');
INSERT INTO `rolestable`(ID,ARTISTID,MOVIEID,ROLES) VALUES('2','1','2','SURIYA');
INSERT INTO `rolestable`(ID,ARTISTID,MOVIEID,ROLES) VALUES('3','1','5','BODHI DHARMAN');
INSERT INTO `rolestable`(ID,ARTISTID,MOVIEID,ROLES) VALUES('4','1','5','AARAVIND');
INSERT INTO `rolestable`(ID,ARTISTID,MOVIEID,ROLES) VALUES('5','2','4','GURU')
INSERT INTO `rolestable`(ID,ARTISTID,MOVIEID,ROLES) VALUES('6','2','4','PRASAD')
INSERT INTO `rolestable`(ID,ARTISTID,MOVIEID,ROLES) VALUES('7','2','6','RAYAPPAN');
INSERT INTO `rolestable`(ID,ARTISTID,MOVIEID,ROLES) VALUES('8','2','6','BIGIL MICHAEL');
INSERT INTO `rolestable` (ID,ARTISTID,MOVIEID,ROLES) VALUES('9','2','7','THALAPATHY');
INSERT INTO `rolestable`(ID,ARTISTID,MOVIEID,ROLES) VALUES('10','2','7','VETRI');
INSERT INTO `rolestable`(ID,ARTISTID,MOVIEID,ROLES) VALUES('11','2','7','MAARAN');
INSERT INTO `rolestable`(ID,ARTISTID,MOVIEID,ROLES) VALUES('12','3','3','VASIGARAN');
INSERT INTO `rolestable`(ID,ARTISTID,MOVIEID,ROLES) VALUES('13','3','3','CHITTI ROBOT');
INSERT INTO `rolestable`(ID,ARTISTID,MOVIEID,ROLES) VALUES('15','4','1','NANDHINI');
INSERT INTO `rolestable`(ID,ARTISTID,MOVIEID,ROLES) VALUES('16','4','1','OOMAI RANI');